<?xml version="1.0" encoding="UTF-8"?>
<hibernate-configuration>
    <session-factory>
        <property name="hibernate.connection.driver_class">com.mysql.jdbc.Driver</property>
        <property name="hibernate.connection.url">jdbc:mysql://localhost:3306/assignmvc</property>
        <property name="hibernate.connection.username">root</property>  
 		<property name="hibernate.connection.password">Welcome123</property>
        <property name="hibernate.connection.pool_size">6</property>
        <property name="hibernate.current_session_context_class">thread</property>
          <property name="hibernate.show_sql">true</property>
        <property name="hibernate.dialect">org.hibernate.dialect.MySQLDialect</property>
              <property name="hibernate.hbm2ddl.auto">update</property> 

       <mapping class="com.mt.osr1.entity.Actor" />
       <mapping class="com.mt.osr1.entity.Movie" />
       <mapping class="com.mt.osr1.entity.Genre" />
    </session-factory>
</hibernate-configuration> 